{
    "blancetoir":{
        "label":"Blanc & Noir",
        "img":"/beadTypes/b_white_l_black.webp",
        "alt":"Perles blanches et avec lettres noires",
        "bead":"blanche",
        "letter":"noire",
        "infos": {
            "numbers":false,
            "special":false,
            "limited":true
        },
        "active":true
    },
    "noiretor":{
        "label":"Noir & Or",
        "img":"/beadTypes/b_black_l_gold.webp",
        "alt":"Perles noires et avec lettres dorées",
        "bead":"noire",
        "letter":"or",
        "infos": {
            "numbers":false,
            "special":false,
            "limited":false
        },        
        "active":true
    },
    "blancetor":{
        "label":"Blanc & Or",
        "img":"b/beadTypes/_white_l_gold.webp",
        "alt":"Perles blanches et avec des lettres dorées",
        "bead":"blanche",
        "letter":"or",
        "infos": {
            "numbers":true,
            "special":"*+-&$",
            "limited":false
        },
        "active":true
    },
    "couleuretor":{
        "label":"Couleur & Or",
        "img":"/beadTypes/b_color_l_gold.jpg",
        "alt":"Perles colorées avec lettres dorées",
        "bead":"couleur",
        "letter":"or",
        "infos": {
            "numbers":true,
            "special":false,
            "limited":false
        },
        "active":true
    },
    "pastel":{
        "label":"Pastel",
        "img":"/beadTypes/b_pastel.jpg",
        "alt":"Perles couleurs pastel avec lettres noires",
        "bead":"pastel",
        "letter":"blanc",
        "infos": {
            "numbers":true,
            "special":false,
            "limited":false
        },
        "active":true
    },
    "coeur":{
        "label":"Coeur",
        "img":"/beadTypes/b_hearts.jpg",
        "alt":"Perles colorées en forme de coeur avec lettres blanches",
        "bead":"Coeur",
        "letter":"blanc",
        "infos": {
            "numbers":false,
            "special":false,
            "limited":false
        },
        "active":true
    }
}